Identifiant,Algorithme,Train accuracy,Test accuracy,Écart train-test,Temps entraînement (s),Taille modèle (Ko),Rechargement validé
mlp_v2,MLP,0.6356275303643725,0.5675675675675675,0.06805996279680493,59.6029373,1982.9326171875,True
perceptron_v1,Perceptron,0.6707152496626181,0.5216216216216216,0.14909362804099646,5.371552,62.7490234375,True
svm_v1,SVM,0.6740890688259109,0.5081081081081081,0.16598096071780277,6.275721,63.1845703125,True
rbf_v1,RBF,0.2948717948717949,0.3216216216216216,-0.026749826749826733,28.6250903,934.064453125,True
