{
  "algorithm": "Perceptron",
  "seed": 42,
  "outer_train_size": 1482,
  "outer_test_size": 370,
  "selection_train_size": 1186,
  "validation_size": 296,
  "outer_test_used_for_selection": false,
  "candidates": [
    {"name":"v1_reference","epochs":12,"learning_rate":0.01,"hidden_size":16,"svm_lambda":0.001,"train_accuracy":0.56829679595278249,"validation_accuracy":0.51689189189189189,"duration_seconds":3.5290092999999998,"validation_confusion_matrix":[[2,63,10],[1,108,13],[0,56,43]]},
    {"name":"more_epochs_lower_lr","epochs":25,"learning_rate":0.0050000000000000001,"hidden_size":16,"svm_lambda":0.001,"train_accuracy":0.54468802698145025,"validation_accuracy":0.45945945945945948,"duration_seconds":7.6730936999999999,"validation_confusion_matrix":[[7,14,54],[5,39,78],[2,7,90]]},
    {"name":"more_epochs_small_lr","epochs":30,"learning_rate":0.002,"hidden_size":16,"svm_lambda":0.001,"train_accuracy":0.60455311973018555,"validation_accuracy":0.52364864864864868,"duration_seconds":9.2236081999999993,"validation_confusion_matrix":[[2,33,40],[1,73,48],[0,19,80]]},
    {"name":"moderate_epochs_higher_lr","epochs":20,"learning_rate":0.02,"hidden_size":16,"svm_lambda":0.001,"train_accuracy":0.61804384485666108,"validation_accuracy":0.52027027027027029,"duration_seconds":6.7927754,"validation_confusion_matrix":[[8,30,37],[8,70,44],[2,21,76]]}
  ],
  "selected_candidate": "more_epochs_small_lr"
}
