{
  "algorithm": "RBF",
  "seed": 42,
  "outer_train_size": 1482,
  "outer_test_size": 370,
  "selection_train_size": 1186,
  "validation_size": 296,
  "outer_test_used_for_selection": false,
  "candidates": [
    {"name":"centers_16_sigma_2","epochs":8,"learning_rate":0.050000000000000003,"hidden_size":16,"rbf_centers":16,"rbf_sigma":2,"svm_lambda":0.001,"train_accuracy":0.41399662731871839,"validation_accuracy":0.41891891891891891,"validation_balanced_accuracy":0.34006734006734002,"duration_seconds":17.8619053,"validation_prediction_distribution":[0,294,2],"activation_mean":0.00083580188909339131,"activation_min":3.8212765062184365e-21,"activation_max":0.9992179146004081,"activation_near_zero_ratio":0.013161599099099098,"validation_confusion_matrix":[[0,75,0],[0,122,0],[0,97,2]]}
  ],
  "selected_candidate": "centers_16_sigma_2"
}
