{
  "algorithm": "RBF",
  "seed": 42,
  "outer_train_size": 1482,
  "outer_test_size": 370,
  "selection_train_size": 1186,
  "validation_size": 296,
  "outer_test_used_for_selection": false,
  "candidates": [
    {"name":"centers_32_sigma_4","epochs":8,"learning_rate":0.050000000000000003,"hidden_size":16,"rbf_centers":32,"rbf_sigma":4,"svm_lambda":0.001,"train_accuracy":0.43929173693086004,"validation_accuracy":0.47297297297297297,"validation_balanced_accuracy":0.42440801457194893,"duration_seconds":29.239043299999999,"validation_prediction_distribution":[0,160,136],"activation_mean":0.076957616749959198,"activation_min":3.8371543994505078e-06,"activation_max":0.99977318989293007,"activation_near_zero_ratio":0,"validation_confusion_matrix":[[0,53,22],[0,74,48],[0,33,66]]}
  ],
  "selected_candidate": "centers_32_sigma_4"
}
