{
  "algorithm": "RBF",
  "seed": 42,
  "outer_train_size": 1482,
  "outer_test_size": 370,
  "selection_train_size": 1186,
  "validation_size": 296,
  "outer_test_used_for_selection": false,
  "candidates": [
    {"name":"centers_16_sigma_16","epochs":8,"learning_rate":0.050000000000000003,"hidden_size":16,"rbf_centers":16,"rbf_sigma":16,"svm_lambda":0.001,"train_accuracy":0.28246205733558177,"validation_accuracy":0.33445945945945948,"validation_balanced_accuracy":0.33333333333333331,"duration_seconds":17.366111400000001,"validation_prediction_distribution":[0,0,296],"activation_mean":0.82521187352618997,"activation_min":0.46507866892143002,"activation_max":0.99998582286097337,"activation_near_zero_ratio":0,"validation_confusion_matrix":[[0,0,75],[0,0,122],[0,0,99]]}
  ],
  "selected_candidate": "centers_16_sigma_16"
}
