{
  "algorithm": "RBF",
  "seed": 42,
  "outer_train_size": 1482,
  "outer_test_size": 370,
  "selection_train_size": 1186,
  "validation_size": 296,
  "outer_test_used_for_selection": false,
  "candidates": [
    {"name":"centers_16_sigma_8","epochs":8,"learning_rate":0.050000000000000003,"hidden_size":16,"rbf_centers":16,"rbf_sigma":8,"svm_lambda":0.001,"train_accuracy":0.35666104553119732,"validation_accuracy":0.38175675675675674,"validation_balanced_accuracy":0.36142849257603354,"duration_seconds":22.226292300000001,"validation_prediction_distribution":[0,70,226],"activation_mean":0.47990988983621174,"activation_min":0.046784897603761581,"activation_max":0.99994329264982951,"activation_near_zero_ratio":0,"validation_confusion_matrix":[[0,24,51],[0,30,92],[0,16,83]]}
  ],
  "selected_candidate": "centers_16_sigma_8"
}
