{
  "algorithm": "RBF",
  "seed": 42,
  "outer_train_size": 1482,
  "outer_test_size": 370,
  "selection_train_size": 1186,
  "validation_size": 296,
  "outer_test_used_for_selection": false,
  "candidates": [
    {"name":"centers_16_sigma_4","epochs":8,"learning_rate":0.050000000000000003,"hidden_size":16,"rbf_centers":16,"rbf_sigma":4,"svm_lambda":0.001,"train_accuracy":0.42580101180438451,"validation_accuracy":0.41891891891891891,"validation_balanced_accuracy":0.37180548655958495,"duration_seconds":24.211170299999999,"validation_prediction_distribution":[0,176,120],"activation_mean":0.076522876106699736,"activation_min":4.7909620765845049e-06,"activation_max":0.99977318989293007,"activation_near_zero_ratio":0,"validation_confusion_matrix":[[0,57,18],[0,72,50],[0,47,52]]}
  ],
  "selected_candidate": "centers_16_sigma_4"
}
