{
  "algorithm": "RBF",
  "seed": 42,
  "outer_train_size": 1482,
  "outer_test_size": 370,
  "selection_train_size": 1186,
  "validation_size": 296,
  "outer_test_used_for_selection": false,
  "candidates": [
    {"name":"centers_16_sigma_12","epochs":8,"learning_rate":0.050000000000000003,"hidden_size":16,"rbf_centers":16,"rbf_sigma":12,"svm_lambda":0.001,"train_accuracy":0.29258010118043842,"validation_accuracy":0.34459459459459457,"validation_balanced_accuracy":0.34153005464480873,"duration_seconds":26.059604799999999,"validation_prediction_distribution":[0,6,290],"activation_mean":0.71371206633489037,"activation_min":0.25641053169737188,"activation_max":0.99997479633624298,"activation_near_zero_ratio":0,"validation_confusion_matrix":[[0,3,72],[0,3,119],[0,0,99]]}
  ],
  "selected_candidate": "centers_16_sigma_12"
}
