{
  "algorithm": "RBF",
  "seed": 42,
  "outer_train_size": 1482,
  "outer_test_size": 370,
  "selection_train_size": 1186,
  "validation_size": 296,
  "outer_test_used_for_selection": false,
  "candidates": [
    {"name":"centers_16_sigma_4","epochs":8,"learning_rate":0.050000000000000003,"hidden_size":16,"rbf_centers":16,"rbf_sigma":4,"svm_lambda":0.001,"train_accuracy":0.42917369308600339,"validation_accuracy":0.39864864864864863,"validation_balanced_accuracy":0.3458905999889606,"duration_seconds":19.242673400000001,"validation_prediction_distribution":[0,203,93],"activation_mean":0.07645163173175766,"activation_min":7.8623453493019344e-06,"activation_max":0.99980442128102975,"activation_near_zero_ratio":0,"validation_confusion_matrix":[[0,60,15],[0,81,41],[0,62,37]]}
  ],
  "selected_candidate": "centers_16_sigma_4"
}
